QuantStep,RMSE_avg,SNR_avg,Kbps
64,0.017662485,95.96153877,110.89999999999998
256,0.058179235,70.94537274,53.86666666666665
512,0.146738495,56.001243785,40.199999999999996
1024,0.29773916500000003,40.607287485,30.59999999999999
2048,0.666798335,21.80445727,28.683333333333344
4096,1.40969835,11.15139227,29.183333333333334
8192,2.349830275,0.08805879999999999,25.885245901639337
16384,2.3933507699999996,0.0,25.266666666666673
