QuantStep,RMSE_L,RMSE_R,SNR_L,SNR_R
64,0.00943952,0.02480489,93.35414522,100.25282618
256,0.03830633,0.09573588,65.08680701,73.31813692
512,0.06972441,0.20205326,53.55174078,58.3213062
1024,0.15549879,0.44978177,37.9412762,42.57069124
2048,0.36429806,0.93246745,21.3261407,28.02730417
4096,0.69002602,1.98431365,9.40632224,13.17129821
8192,0.98411124,3.63111883,1.26666268,0.92627026
16384,1.06236443,3.79715695,0.00209227,0.00125549
